menus.cleanedNames,count
White Pizza,2362
Buffalo Chicken Pizza,2185
Cheese Pizza,1940
Hawaiian Pizza,309
Gluten Free Pizza,290
Pizza Bread,262
14ampquot White Pizza,240
Margherita Pizza,234
Taco Pizza,134
Pepperoni Pizza Baking Required,130
Chicago Pizza,114
Salad Pizza,107
Pesto Pizza,104
Pizza Sub,102
Grandma Pizza,95
S39mores Pizza,90
Pizza Bianca,83
Pizza Fries,77
Quattro Formaggi Pizza,76
Margarita Pizza,74
Pizza Sandwich,67
Pizza Rolls,61
Pizza Sauce,61
The Works Pizza,49
Marinara Pizza,48
Gourmet White Pizza,41
Howie Special Pizza,40
BYO Pizza Breadstix and Drink,33
Neapolitan Pizza,30
Bruschetta Pizza,26
Pizza Constantine,24
Arugula Pizza,20
Aloha Pizza,18
Pita Pizza,17
Pronto Pizza,16
Regular Slice Of Pizza Or Pasta Choiceampcomma Soda And Treat,16
Shrimp Scampi Pizza,14
Pizza Dog,14
Pizza Night,13
Mythic Pizza,13
Bella Works Pizza,12
Upside Down Pizza,12
Large OneTopping Pan Pizza,12
Carne Asada Pizza,12
Pizza Logs,11
Hand Tossed Pizza,11
8 Corner Pizza,11
Quesapizza,10
Angus Steak and Roasted Garlic Pizza Baking Required,10
Pizzano's Jumbo Garlic Knots,9
Signature Pizza,9
Spicy Fennel Sausage Pizza Baking Required,9
Santa Fe Pizza,9
Pastrami Pizza,8
Extravaganza Pizza,7
Sampler Pizza,7
Mac and Cheese Pizza,6
Alamo Meat Pizza,6
Black Bean Pizza,6
Rio Ranch Pizza,6
Paneer Tikka Masala Pizza,5
Kens Pizza,5
Lucky 7 Pizza,5
S'mores Pizza Dessert,5
The Route 66 Pizza,5
All You Can Eat Pizza & Wings,5
La Nova Super Steak Pizza,5
Bama Pizza,5
Pride Pizza,4
Pizza Skins,4
Tino's Five Cheese Pizza,4
Uncle Jesse Pizza,4
Apizza Amore,4
Pizza Beach Tee,3
Pizza Turnover,3
The Tremor Pizza,3
Rigatoni Pizza,3
Pig Pen Pizza,3
Stinger Pizza,3
UltiMeat Pizza,3
Bolognese Pizza Dinner,3
Pizzazz,3
Mantova Pizza,3
Ground Beef Pizza Slice,2
Slice of Indian Pizza Pick Up Only,2
Sweep The Kitchen Pizza,2
Pizza Split Charge,2
White Mozzarella ampamp Riccota Pizza,2
Forbes Field Original Pizza,2
Sweet and Sour Sesame Chicken Pizza,2
Pizza Muffins,2
"Brian Fisher's, Entente, Korean Fried Chicken Pizza",2
14ampquot Large MeatAPizza,2
Funghi Misti Pizza,2
Tree Hugger Pizza,2
Wbs Pizza (Writers in Baltimore Schools),1
6 Inches Baby Bearnoampaposs Pizzaampcomma,1
Pizza Cookie With Magpies Parlour Frozen Yogurt,1
Endless Artisan Pizza Bar,1
Stinking Rose Pizza,1
Rachel Ray's Favorite Pizza,1
Soldier & Sailors Supreme Pizza,1
Butter Parmesan Flavor To Entire Pizza,1
"Lil' F. ""Pizza Burger""",1
834 2 Topping Cheese Pizza,1
Moosehead Traditional Crust Pizza,1
"Bill Kim's, Urban Belly, Lemongrass Sausage Pizza",1
M&M Pizza,1
Wake ampamp Bake Pizza,1
Pizza Burger Wedge with Lettuce and Tomato,1
Pizza Insurance,1
Pizza Coop Mudslide,1
"Put a ""Lid"" On It! Stuff Any Pizza",1
