menus.cleanedNames,count
White Pizza,2355
Cheese Pizza,1930
Buffalo Chicken Pizza,1605
Veggie Pizza,580
Hawaiian Pizza,309
Gluten Free Pizza,288
14ampquot White Pizza,240
Pizza Bread,208
Margherita Pizza,181
Pepperoni Pizza Baking Required,130
Salad Pizza,107
Pizza Sub,102
Pesto Pizza,102
Chicago Pizza,101
Taco Pizza,98
Grandma Pizza,95
S39mores Pizza,90
Pizza Bianca,79
Margarita Pizza,74
Pizza Fries,68
Pizza Sandwich,67
Pizza Sauce,61
Pizza Rolls,56
Baked Ziti Pizza,54
Veal Pizzaiola,53
Marinara Pizza,48
Quattro Formaggi Pizza,42
Gourmet White Pizza,41
Chocolate Chip Pizza,36
Tonys Veggie Pizza,33
BYO Pizza Breadstix and Drink,33
Pizza Bento,27
Neapolitan Pizza,26
Bruschetta Pizza,26
Pizza Constantine,21
The Works Pizza,21
Arugula Pizza,20
Aloha Pizza,18
Pita Pizza,17
Pronto Pizza,16
Regular Slice Of Pizza Or Pasta Choiceampcomma Soda And Treat,16
Pizza with Penne,15
Pizza Dog,14
Shrimp Scampi Pizza,14
Pizza Night,13
Pizza Buccheri (the Butcher),13
5Th Street Pizza,13
Large OneTopping Pan Pizza,12
Carne Asada Pizza,12
Upside Down Pizza,12
Bella Works Pizza,12
Hand Tossed Pizza,11
Pizza Logs,11
8 Corner Pizza,11
Quesapizza,10
High Fiber Pizza,10
Angus Steak and Roasted Garlic Pizza Baking Required,10
Santa Fe Pizza,9
Spicy Fennel Sausage Pizza Baking Required,9
Signature Pizza,9
Pizzano's Jumbo Garlic Knots,9
Loaded Baked Potato Pizza,9
Mythic Pizza,8
Pastrami Pizza,8
Sampler Pizza,7
Extravaganza Pizza,7
Howie Special Pizza,7
Pizza Piccante,7
Everest Pizza,7
Black Bean Pizza,6
Alamo Meat Pizza,6
Mac and Cheese Pizza,6
Rio Ranch Pizza,6
All You Can Eat Pizza & Wings,5
Goat Cheese Pizza,5
La Nova Super Steak Pizza,5
Kens Pizza,5
Pizza Dip,5
S'mores Pizza Dessert,5
Lucky 7 Pizza,5
Bama Pizza,5
Paneer Tikka Masala Pizza,4
Tino's Five Cheese Pizza,4
Pizza Skins,4
Sicilan Pizza,4
Apizza Amore,4
Pride Pizza,4
Pizza Mare,4
Uncle Jesse Pizza,4
Mantova Pizza,3
Tiger Pizza,3
Pizza Beach Tee,3
Stinger Pizza,3
Pizzazz,3
Tour of Italy Pizza,3
The Tremor Pizza,3
Pizza Turnover,3
Bolognese Pizza Dinner,3
Rigatoni Pizza,3
UltiMeat Pizza,3
Pig Pen Pizza,3
Forbes Field Original Pizza,2
Ground Beef Pizza Slice,2
Pizza Muffins,2
Sweet and Sour Sesame Chicken Pizza,2
"Brian Fisher's, Entente, Korean Fried Chicken Pizza",2
14ampquot Large MeatAPizza,2
The Route 66 Pizza,2
Citrus Adobo Pizza,2
Funghi Misti Pizza,2
White Mozzarella ampamp Riccota Pizza,2
Slice of Indian Pizza Pick Up Only,2
Pizza Split Charge,2
Tree Hugger Pizza,2
Dino's Combination Pizza (14 Large),2
Sweep The Kitchen Pizza,2
6 Inches Baby Bearnoampaposs Pizzaampcomma,1
Wbs Pizza (Writers in Baltimore Schools),1
Methi Mutter Malai Pizza,1
Soldier & Sailors Supreme Pizza,1
Pizza Cookie With Magpies Parlour Frozen Yogurt,1
Rachel Ray's Favorite Pizza,1
Endless Artisan Pizza Bar,1
Stinking Rose Pizza,1
Butter Parmesan Flavor To Entire Pizza,1
"Lil' F. ""Pizza Burger""",1
834 2 Topping Cheese Pizza,1
Moosehead Traditional Crust Pizza,1
"Bill Kim's, Urban Belly, Lemongrass Sausage Pizza",1
M&M Pizza,1
Wake ampamp Bake Pizza,1
Pizza Burger Wedge with Lettuce and Tomato,1
Pizza Insurance,1
Pizza Coop Mudslide,1
"Put a ""Lid"" On It! Stuff Any Pizza",1
